"celda_id","celda_lat","celda_lon","n_seqs","pi"
"40_-5",40,-5,156,0.0251636315247735
"45_5",45,5,5,0.00210793680414839
"55_-10",55,-10,6,0.00138593194617852
"55_-5",55,-5,33,0.000726055031887587
